{"cameraMode":{"drawMode":0,"name":"Shaded","section":"Shading Mode"},"sceneLighting":true,"audioPlay":false,"sceneViewState":{"showFog":true,"showMaterialUpdate":false,"showSkybox":true,"showFlares":true,"showImageEffects":true,"showParticleSystems":true,"showVisualEffectGraphs":true,"m_FxEnabled":true},"in2DMode":false,"pivot":{"x":0.10522587597370148,"y":0.5955777168273926,"z":0.006098545156419277},"rotation":{"x":0.09628376364707947,"y":0.8921283483505249,"z":-0.22684776782989503,"w":0.37865737080574038},"size":3.5660250186920168,"orthographic":false}