{"cameraMode":{"drawMode":0,"name":"Shaded","section":"Shading Mode"},"sceneLighting":true,"audioPlay":false,"sceneViewState":{"showFog":true,"showMaterialUpdate":false,"showSkybox":true,"showFlares":true,"showImageEffects":true,"showParticleSystems":true,"showVisualEffectGraphs":true,"m_FxEnabled":true},"in2DMode":false,"pivot":{"x":-2.423853635787964,"y":-12.79542064666748,"z":12.05718994140625},"rotation":{"x":0.0074997469782829288,"y":-0.007499721832573414,"z":0.000056100660003721714,"w":0.9999470114707947},"size":17.443889617919923,"orthographic":false}