{"cameraMode":{"drawMode":0,"name":"Shaded","section":"Shading Mode"},"sceneLighting":true,"audioPlay":false,"sceneViewState":{"showFog":true,"showMaterialUpdate":false,"showSkybox":true,"showFlares":true,"showImageEffects":true,"showParticleSystems":true,"showVisualEffectGraphs":true,"m_FxEnabled":true},"in2DMode":false,"pivot":{"x":47.18016052246094,"y":241.15008544921876,"z":0.40089476108551028},"rotation":{"x":0.0029999783728271724,"y":-0.005999935790896416,"z":0.000017844153262558393,"w":0.9999805092811585},"size":86.91778564453125,"orthographic":false}