{"cameraMode":{"drawMode":0,"name":"Shaded","section":"Shading Mode"},"sceneLighting":true,"audioPlay":false,"sceneViewState":{"showFog":true,"showMaterialUpdate":false,"showSkybox":true,"showFlares":true,"showImageEffects":true,"showParticleSystems":true,"showVisualEffectGraphs":true,"m_FxEnabled":true},"in2DMode":false,"pivot":{"x":0.9192114472389221,"y":-1.6872377395629883,"z":-4.37046480178833},"rotation":{"x":-0.0179892610758543,"y":-0.032988764345645908,"z":-0.0005939627881161869,"w":0.9992953538894653},"size":12.205936431884766,"orthographic":true}