{"cameraMode":{"drawMode":0,"name":"Shaded","section":"Shading Mode"},"sceneLighting":true,"audioPlay":false,"sceneViewState":{"showFog":true,"showMaterialUpdate":false,"showSkybox":true,"showFlares":true,"showImageEffects":true,"showParticleSystems":true,"showVisualEffectGraphs":true,"m_FxEnabled":true},"in2DMode":false,"pivot":{"x":46.56849670410156,"y":240.9461669921875,"z":0.3892669677734375},"rotation":{"x":0.004499779082834721,"y":-0.010499713942408562,"z":0.00004709361746790819,"w":0.9999378323554993},"size":33.98813247680664,"orthographic":false}