{"cameraMode":{"drawMode":0,"name":"Shaded","section":"Shading Mode"},"sceneLighting":true,"audioPlay":false,"sceneViewState":{"showFog":true,"showMaterialUpdate":false,"showSkybox":true,"showFlares":true,"showImageEffects":true,"showParticleSystems":true,"showVisualEffectGraphs":true,"m_FxEnabled":true},"in2DMode":false,"pivot":{"x":-0.5663127303123474,"y":7.078718662261963,"z":7.130976676940918},"rotation":{"x":0.09011326730251312,"y":0.04031926766037941,"z":-0.0036514983512461187,"w":0.9951122403144836},"size":12.092743873596192,"orthographic":false}