{"cameraMode":{"drawMode":0,"name":"Shaded","section":"Shading Mode"},"sceneLighting":true,"audioPlay":false,"sceneViewState":{"showFog":true,"showMaterialUpdate":false,"showSkybox":true,"showFlares":true,"showImageEffects":true,"showParticleSystems":true,"showVisualEffectGraphs":true,"m_FxEnabled":true},"in2DMode":false,"pivot":{"x":-9.999999046325684,"y":1.0407719612121583,"z":4.859564304351807},"rotation":{"x":0.002241351641714573,"y":0.9785540699958801,"z":-0.20582136511802674,"w":0.01056588813662529},"size":1.9352566003799439,"orthographic":false}