{"cameraMode":{"drawMode":0,"name":"Shaded","section":"Shading Mode"},"sceneLighting":true,"audioPlay":false,"sceneViewState":{"showFog":true,"showMaterialUpdate":false,"showSkybox":true,"showFlares":true,"showImageEffects":true,"showParticleSystems":true,"showVisualEffectGraphs":true,"m_FxEnabled":true},"in2DMode":false,"pivot":{"x":-19.868749618530275,"y":-124.76118469238281,"z":203.8975830078125},"rotation":{"x":0.2767088711261749,"y":-0.053304631263017657,"z":0.015370452776551247,"w":0.9593589901924133},"size":145.50135803222657,"orthographic":false}