{"cameraMode":{"drawMode":0,"name":"Shaded","section":"Shading Mode"},"sceneLighting":true,"audioPlay":false,"sceneViewState":{"showFog":true,"showMaterialUpdate":false,"showSkybox":true,"showFlares":true,"showImageEffects":true,"showParticleSystems":true,"showVisualEffectGraphs":true,"m_FxEnabled":true},"in2DMode":false,"pivot":{"x":7.256450176239014,"y":-15.520633697509766,"z":12.660655975341797},"rotation":{"x":-0.3370763063430786,"y":0.0019742909353226425,"z":-0.0007067130645737052,"w":-0.9414768815040588},"size":27.2164306640625,"orthographic":false}