{"cameraMode":{"drawMode":0,"name":"Shaded","section":"Shading Mode"},"sceneLighting":false,"audioPlay":false,"sceneViewState":{"showFog":true,"showMaterialUpdate":false,"showSkybox":false,"showFlares":true,"showImageEffects":true,"showParticleSystems":true,"showVisualEffectGraphs":true,"m_FxEnabled":true},"in2DMode":false,"pivot":{"x":-4.6865997314453129,"y":2.9155712127685549,"z":-12.593985557556153},"rotation":{"x":0.31891801953315737,"y":0.09786023944616318,"z":-0.033127374947071078,"w":0.9421361684799194},"size":3.2189042568206789,"orthographic":false}