{"cameraMode":{"drawMode":0,"name":"Shaded","section":"Shading Mode"},"sceneLighting":false,"audioPlay":false,"sceneViewState":{"showFog":true,"showMaterialUpdate":false,"showSkybox":false,"showFlares":true,"showImageEffects":true,"showParticleSystems":true,"showVisualEffectGraphs":true,"m_FxEnabled":true},"in2DMode":false,"pivot":{"x":-7.562703609466553,"y":22.95987319946289,"z":-0.054375290870666507},"rotation":{"x":0.25498855113983157,"y":-0.25168347358703616,"z":0.06892315298318863,"w":0.9310747981071472},"size":1.299038290977478,"orthographic":false}